,1,2,3,4
1963-07-31,0.03325357552223681,0.0,0.2014545836238968,-0.15318355358769925
1963-08-31,0.04890261627553675,0.04973865345447587,-0.06186533004513475,-0.012725312714229144
1963-09-30,0.26453322880579944,0.2563358806691889,0.0008743885820766183,-0.0011768292409043805
1963-10-31,0.058375028693955736,-0.00047393308057255834,-0.09063719358598003,-0.14516291734295425
1963-11-30,0.09252803647545668,-0.962350674609327,0.0,0.6474531288772418
1963-12-31,-0.15540208945503423,0.024231403463160082,0.16848901080507508,-0.009970818956281022
1964-01-31,0.051484494504622086,0.09277294639369937,-0.01440164225624263,0.0
1964-02-29,0.0,0.07079528371054472,-0.4867422829679947,-0.2121637971411244
1964-03-31,0.0,-0.13650042854009364,0.09865192449738425,0.6055009307557027
1964-04-30,0.005325326966124784,-0.08664677424075633,-0.43589586276795644,0.3218657353978902
1964-05-31,0.017664967685380843,0.0,-0.07133375145140786,-0.09127130141663899
1964-06-30,-0.0958608297323216,0.020146542100980647,0.03515583352313796,0.004096279641003985
1964-07-31,0.14972738844290662,-0.12324244292801473,0.017057122214125878,-0.014658960662325873
1964-08-31,-0.062296996970826315,0.06597548239980017,-0.1943865513116235,0.05163556683494813
1964-09-30,-0.023768210776267833,0.0,-0.3210388517721101,-0.007102895528203265
1964-10-31,-0.12924702967101628,0.0,-0.422273005823424,0.0
1964-11-30,-0.46745571887966436,0.06184068047953828,-0.09728292293313687,0.2538183399650835
1964-12-31,-0.1571647387600511,0.16884925431638778,0.037197428705948034,-0.14338145557096876
1965-01-31,0.06959127977397336,-0.3880161000640911,-0.02443010875506325,0.023677267851188517
1965-02-28,0.0,-1.0125497937962413,0.36233360956423594,0.03722007938556764
1965-03-31,0.010605790048245271,0.4004759786669819,0.16784543030953428,0.0
1965-04-30,0.11732426773687984,0.10648107268651201,-0.06835480075669112,0.2354961182817953
1965-05-31,-0.08708521486681002,0.0,-0.11822101286742497,0.2242316361810105
1965-06-30,-0.9849049077155495,0.03727504163826665,0.007634254705373397,0.36597425094529146
1965-07-31,0.0,0.0,-0.3174020632280593,-0.4082339101726639
1965-08-31,0.060970089590788715,0.6233257528162532,0.0,-0.010187089928284942
1965-09-30,-0.3538909189834889,-0.05313745371559011,0.0,-0.05358648897500957
1965-10-31,0.06918344029984438,-0.21052086596688563,0.03221137701576943,-0.0523009895761128
1965-11-30,-0.004571103959108064,0.42933344497469006,-0.0284962996386257,1.2075263742056102
1965-12-31,-0.3167850518977037,-0.17424106724939048,0.18234737542891608,0.05937317287478083
1966-01-31,0.03869972101105748,-0.2395647202715303,-0.18886041222411565,-0.05330784309699794
1966-02-28,-0.6779781198630624,1.4715371714290086,0.034321753462056265,0.0
1966-03-31,0.017155235717079054,-0.7754516939834363,0.0017599965183637905,0.5909679411618178
1966-04-30,-0.1364708960190188,0.0,-0.19687115007990463,-0.05928009934771415
1966-05-31,-0.017904982840297325,0.14725435110574556,0.0,0.16667311448831662
1966-06-30,-0.33076707309982334,-0.18976543495016068,-0.060218436347988985,-0.004510532109809704
1966-07-31,-0.023286409358430984,0.13716400715551172,0.0687593498883778,-0.03511584419614004
1966-08-31,-0.012489482687458118,-0.17803185118123474,0.0,0.3742307581307336
1966-09-30,0.625069229144586,0.2429195104155106,0.0,0.8159065671470073
1966-10-31,0.0,-0.007181134029044245,0.1364320532400372,1.1494637235171985
1966-11-30,-0.5055161161116642,0.09404142405217425,0.53259612628099,-0.26198666529932746
1966-12-31,0.04226222897435007,0.10765811922603502,0.3603419019249203,0.536296653838428
1967-01-31,0.0,-0.04165203209572563,1.0153584094056287,-0.10524775150825416
1967-02-28,0.6075877301262046,-0.5600343410538468,0.03953934406193526,0.023722584371549976
1967-03-31,0.3867038124750597,0.03716842923078027,0.0649759240396566,-0.2368533930439941
1967-04-30,-1.6493276600126967,-0.33702488288345206,-0.005320813754641019,0.0
1967-05-31,-0.04425489241340425,0.0,0.0,0.3688259852160283
1967-06-30,0.19107047659193263,-0.04774736101580847,-2.716884680694158,0.03774077310760774
1967-07-31,0.46127480744671356,-0.15300052660753927,0.0,0.021978818655980933
1967-08-31,-0.02509845208042312,0.02768773834523962,-0.0937940789182913,-0.08285869477874903
1967-09-30,0.0,0.07414677619647361,-0.7472467212084728,0.2014765893241499
1967-10-31,0.0466710073490366,0.0,0.13306704465861965,0.590611684604796
1967-11-30,0.0,0.0,0.07162056550017694,1.1716081007535897
1967-12-31,-0.23842665623376808,0.3546722111721717,0.0,-0.41730758561973147
1968-01-31,0.31263844588829415,-0.01537710230732298,1.7969717705301032,-1.9619919294341592
1968-02-29,0.36386655193094986,0.0,0.0,-1.3793601558455284
1968-03-31,0.5244468162933985,0.0,-0.7284619315714266,0.1257458458555478
1968-04-30,-0.049848281321903276,0.6741585661745833,1.8925518663201517,-0.18043624201428513
1968-05-31,0.0,0.04708817666370866,0.264681264600889,0.3274450016007711
1968-06-30,0.2312112307118908,0.6731032016254244,0.0,0.9939507590239929
1968-07-31,0.9395555009939786,1.8586306721421237,-0.2497770371866231,0.06718231926453994
1968-08-31,-0.2168416760448255,-0.26193290774355626,-0.4687866800490232,0.001019067195845668
1968-09-30,-0.3981988236312332,-0.04170556766289792,0.2506552568791873,0.10498875369601045
1968-10-31,0.1489202995134384,0.20704325739994006,0.15866383912332133,-0.07190035353736188
1968-11-30,0.2404783541542302,0.10764581758245306,-0.01309174242792229,-0.0891290386364057
1968-12-31,-0.04831533420410184,-0.01988621212616412,-0.1367744932161678,-0.6905197699102018
1969-01-31,0.046680787802478044,0.05098228590974265,0.19410672086129324,0.24296520824035994
1969-02-28,-0.040593624029103555,0.2326140593429556,0.06276742039529,0.10642209537329853
1969-03-31,-0.03011451176728279,-0.3283093906149953,0.0715991146450853,-0.03765411098521397
1969-04-30,0.02098720026857729,0.36132769572989487,-0.006671493649691371,-0.057452537565845535
1969-05-31,0.039890753670369476,0.20889159246146377,0.023083088360902344,0.19971306005927064
1969-06-30,0.04200787555331168,-0.381435635575244,-0.06178850307822949,0.22925663500377969
1969-07-31,0.0,0.0,-0.10657806773916745,0.26108985662626166
1969-08-31,-0.003923118343393005,3.0886530488713673,-0.8235398117670113,0.5238336203604816
1969-09-30,0.7085264555869688,-0.028899365293448335,0.16382717347169223,0.06332553805401209
1969-10-31,-0.023118510652263818,0.0,0.5334975119827494,0.7771784270059029
1969-11-30,-0.004385899480062939,0.3085464902617109,0.018813655168054888,0.037045619729947306
1969-12-31,-0.17239515835927022,0.5078495455123688,0.07248412824420823,-0.4060576010091217
1970-01-31,0.4151483354505187,-0.205523884881966,0.19063474159129212,0.0
1970-02-28,0.0,0.04157379076528829,-1.6905173002863618,0.5421598133928431
1970-03-31,0.18954032226790085,0.3292165887848525,0.22243485488211004,-1.3299740600003471
1970-04-30,-0.1377796124472555,-6.363832142236705,0.0,0.33132263929871775
1970-05-31,0.0,-5.416971877544175,-0.13971140664072337,0.06501635625901779
1970-06-30,0.0,1.6171001041016115,0.7489016524321791,0.0
1970-07-31,-0.0331358478875922,-0.05971859241989349,-0.06570989534180129,1.0425773588737803
1970-08-31,0.0,0.38531898046330215,0.0,0.38817769272095315
1970-09-30,0.0,5.649427388720078,0.3926387526759313,2.2538562442682046
1970-10-31,0.0,-0.16769945731205643,0.5042186108461127,-0.9229287492204523
1970-11-30,0.0,-0.4794482092994441,0.35165289929748145,-0.1835583643043251
1970-12-31,-0.14666664859859962,0.0,-0.0019600209123066927,-0.5853810309335087
1971-01-31,0.0,-0.06602744953721391,-0.3195623641084458,-0.3729552443337272
1971-02-28,0.6665517267348765,0.08536837031450359,-5.149168551019491e-212,-0.5036477526746752
1971-03-31,0.0,0.030517618716390495,1.8254900291525102,-0.13114805798242163
1971-04-30,0.11697198089081993,-0.2607558637952318,0.0,0.40546232387048475
1971-05-31,0.0,-0.015616450801062795,-0.2703871935729887,0.024312679169663377
1971-06-30,0.0,0.014320826762177793,-0.6233993963936204,-0.04809150988502498
1971-07-31,-0.011665663957926266,-0.07892574600806677,-0.527915687623921,0.045243120988149865
1971-08-31,0.0,-1.4648053842963182,-0.14547382605522727,-0.06946367020095653
1971-09-30,-0.01656987381591131,0.04531036905097505,0.8868104471855826,-0.024210336093736035
1971-10-31,-0.37123318561410856,-0.014121103284478007,-0.0010176289039735276,0.24346911916495736
1971-11-30,-0.002255055794040256,0.5196910255640947,0.03397844891073061,0.001760117198306134
1971-12-31,-0.0406752879388407,-0.12170018340457202,0.03458593475519395,0.228231449516697
1972-01-31,-0.1571360546260537,-0.16929650695059012,-0.1864384025926439,-0.08594229669200033
1972-02-29,0.5762268728775551,-0.2755380972988375,-0.0002980531585914676,0.32248715085485585
1972-03-31,-0.08193284942152776,0.06499985238956452,-0.033153299502496625,0.2969085605959755
1972-04-30,0.0,-0.0867602272354739,-0.004427470852022932,0.6141703859795669
1972-05-31,-0.8010100849280746,0.12467965667916892,0.03031723545698385,-0.30466742801664703
1972-06-30,-0.027631370146281267,-0.0161566354291299,-0.02993747995664181,0.10383427561264227
1972-07-31,-0.13518548245956494,-0.34434530406345853,-0.023531243236822257,-0.003396107385332775
1972-08-31,-0.024404482527323343,0.11475102849153127,0.02384396262655449,0.48813793667110533
1972-09-30,0.2274708183013474,-0.017289321954450716,0.0025644338422135633,-0.12694738973456884
1972-10-31,0.0,-0.31515527154415474,0.03084928757678877,-0.028717482280397885
1972-11-30,-0.10094668128767519,0.1992240210697555,0.36757835557383467,-0.8111439008353751
1972-12-31,-0.24049365637807418,1.0669875186846627,-0.2759226231934997,-0.8120933298751704
1973-01-31,0.09804480580955191,0.2881644554459225,0.7318612104106331,0.0
1973-02-28,0.1344978857723654,-0.10799176262007193,0.0,0.526623775520811
1973-03-31,0.04869586598983963,-0.01748533216652222,-0.07330259453014412,0.1007132697217304
1973-04-30,0.14976455092814356,-0.2059245068562039,1.207452478612256,-0.3692690070018879
1973-05-31,-0.09671044281534602,0.01821619127419545,0.4571070342959501,0.0414457092314704
1973-06-30,-0.10035023789563119,0.4582889357287484,0.0727916680090416,0.03594907809958174
1973-07-31,2.9867646909517123,0.0,-0.38197885850944646,0.0
1973-08-31,0.013825739592759616,0.06502586629722519,-1.1187008170182566,-0.003298467501623887
1973-09-30,0.0,-1.6908232293672674,-0.31962155763981753,0.11067264066278304
1973-10-31,0.0,-0.07094893975243344,0.7095495400507709,1.0835472508337558
1973-11-30,-0.5982004709415416,0.527131722161746,0.46513154732971307,0.0
1973-12-31,1.0124440743374772,-0.17495291637401464,-0.5089619407222551,-0.36857699560851775
1974-01-31,0.6139723889840056,0.0,-3.2613998426287867,-2.872735625561755
1974-02-28,-0.44954320269634374,0.11341578049516163,-0.17686806625919904,1.191033327808495
1974-03-31,-0.04822307752211588,0.3849574292055365,0.0,0.00040095000992738407
1974-04-30,-0.8718590036642323,0.293048321485458,-0.8400564488715035,0.45848639429295573
1974-05-31,0.46488325159093347,0.3055949602103708,0.048995364244003525,0.07967061810368528
1974-06-30,-0.6645342657330336,0.0025273773501882867,-0.3158472696887268,-1.1095865238576925
1974-07-31,0.0,3.190918557773548,-0.04712981578366892,0.3742108258597042
1974-08-31,0.30439965390992524,0.7301801170610023,-0.567097520456939,0.028612224765589583
1974-09-30,-0.002291072625502981,3.68462383900655,1.1023335547518587,1.5240250866718126
1974-10-31,-1.964207837040946,-1.888731173583075,0.1405181628149781,0.006950373373699118
1974-11-30,0.38157091142665234,0.171427850205483,0.8091583552428593,0.0
1974-12-31,0.03978928892476804,-0.06649955359105887,0.6015390651682131,-0.042495666291120344
1975-01-31,2.346388773691202,1.5925711571348804,0.0,-2.7394924525140336
1975-02-28,-0.0542975652539886,0.0,-2.6419205224323954,0.974305042924489
1975-03-31,-0.1830860138860459,0.06073938114851104,0.040365867799218434,0.2004676273351894
1975-04-30,0.9740846124720083,-0.058347278402706704,0.3432321258986458,-0.11389716061992822
1975-05-31,-0.016041863009181073,-0.39717775577366304,0.08521175858820441,0.15816983302103638
1975-06-30,0.29159443527890255,0.03182002493951073,-0.6273287362129429,-0.7656947514356567
1975-07-31,-0.32839733222724443,-0.014140232942415695,-0.1762670729713118,0.006577342911343193
1975-08-31,-0.17519277687888934,0.0,0.11844136659966666,-0.4764778102822913
1975-09-30,-0.016225309391655885,0.0,0.0,3.307319183520901
1975-10-31,-0.021815644969467807,0.2687813423391125,0.13533583623414713,0.9257896289331358
1975-11-30,-0.009429541017061694,-0.26512358097571614,0.9002069394130794,-0.29225943464107634
1975-12-31,0.008429223180664603,0.01076990212936078,0.2690097170835468,0.6173037299043889
1976-01-31,0.09230497953107009,-0.010915818112453518,0.1426569927972754,-1.3861554147567368
1976-02-29,-0.3348613356317272,0.0,-1.109478415646215,-0.4759611365966658
1976-03-31,0.072571739354605,-0.6593926543544159,0.09776641302875383,0.020483620117378296
1976-04-30,0.157152657099438,0.25395545091935573,-0.0007856416635895341,0.06876552482300548
1976-05-31,0.11377815192775019,0.0027402832672873134,0.0803806237602649,0.24090982691387652
1976-06-30,0.010491379966941345,0.04912020822690199,0.016158266832747015,0.00791342102622488
1976-07-31,0.1772848982195722,0.16640650789271802,0.09327909413062846,-0.10572242038722894
1976-08-31,0.004478311621336641,0.03635454131106773,-0.2433012211448514,-0.3157430537690538
1976-09-30,-0.025785826388369383,-0.02299009213826431,0.07766856416594779,-0.12005351806058095
1976-10-31,-0.05824863907897615,0.006405798400867302,0.009023873051450075,0.06504990560006782
1976-11-30,0.010364714678895562,0.0,-0.03624616739497649,-0.602844468447844
1976-12-31,0.16666742496736653,-0.32122109719466174,0.10566555978110341,0.019417255378375173
1977-01-31,-0.059210312386023416,0.236187434271416,0.012915689989187606,0.12365198482351397
1977-02-28,-0.1042454905993836,0.07657449197198699,-0.014887603519527011,0.006019403963254202
1977-03-31,0.062127857823953664,-0.0048626269611766575,-0.01151158359269272,0.0
1977-04-30,0.10610459202391301,0.41107129637834844,-0.04498186038468144,-0.2996487870916891
1977-05-31,0.09949830746609685,0.0491183368677355,0.0,0.024077211829560925
1977-06-30,0.20935403606162456,-0.020020832877092838,0.1148283844005133,-0.07942096139667054
1977-07-31,-0.38122318764693913,0.15623953434234186,-0.14202577349918757,0.111821179002921
1977-08-31,0.008286527297756436,-0.06043910623027207,0.24421334782750037,0.22012847549012876
1977-09-30,-0.10220926944319374,-0.04469054102614924,0.1047729541595173,0.010087631445464935
1977-10-31,-0.05873008711766771,-0.1495387014811576,0.0,0.03827396467906613
1977-11-30,0.016685389429222555,0.04335731458302311,-0.02054169530041916,0.11478776598326135
1977-12-31,0.0,0.0,-0.5314671079329774,-0.07772227794805907
1978-01-31,0.0,0.2885921327929546,-0.016818663985583574,1.2686093253117277
1978-02-28,0.02189859334281579,0.016824402292407743,-0.18023620206147878,0.17544876651680247
1978-03-31,0.023613579354017523,-0.09620607993729063,0.0,-0.018176900670029493
1978-04-30,-0.03770566802115748,0.8607198672208496,0.5116521542097352,0.3088532761247623
1978-05-31,8.138553205164222e-167,0.3588772690315423,0.09050045800575626,0.03843070215967732
1978-06-30,-0.036078037028907405,-0.008876191147423848,0.015361379321727195,0.013531323300003006
1978-07-31,0.08015797915130965,0.04787958733362811,0.1622551512282005,-0.11215784776316003
1978-08-31,0.006427993291763134,0.028541557038628783,0.8198555809061661,-0.009505276114109826
1978-09-30,-0.046952761599695005,0.018707205659750085,0.37681808288577634,0.45214231399804705
1978-10-31,0.1284849160907989,-0.08523404240916896,0.0,3.4439956396785187
1978-11-30,0.0,6.89265287187184,-0.22839708626902816,0.0
1978-12-31,0.0,0.0,-1.1959158915605983,0.41247670080661947
1979-01-31,-0.04492056341258283,-0.4253920240167415,1.429530719772567,-0.0869894962925693
1979-02-28,-0.10574064115107205,0.08026155519977593,0.9575857541652745,0.08998066323744056
1979-03-31,0.014331065957850272,1.006868603750464,0.21041548329364707,-0.021696585020325482
1979-04-30,0.059931253799731965,0.05390697693886931,-0.01020154649848346,-0.0154898610168904
1979-05-31,-0.1268336608168259,0.0412131946961293,0.5184853353404508,0.00255879929848068
1979-06-30,0.1940009504182699,0.23632565229620428,0.23978474847759734,0.030543217261754765
1979-07-31,-0.07331031856250099,0.024303787620868354,-0.18004201186386984,-0.2055088717061872
1979-08-31,0.5710876875704191,0.089055278762022,0.11220704752518937,0.0793863335953035
1979-09-30,0.19936334677806422,-0.031729954028437424,-1.1450956229501164,0.2739615279631901
1979-10-31,-0.09233950071832653,0.05513026800489274,0.10372798662231596,-0.04904543897163255
1979-11-30,-0.32272315754956526,-1.6533090416422016,-0.06049921394933557,-2.3810540919470773
1979-12-31,0.2438015946638104,0.11145772276781923,0.8927547074338333,-0.08316659975551814
1980-01-31,0.7860424222295014,0.01245996589353514,-0.488880999315276,-0.1610504210510894
1980-02-29,-0.22861974218305495,0.5330528104238643,0.0,0.3384589038506097
1980-03-31,0.2432177325220144,5.598134710456553,-0.015313584896312432,1.8938292485941788
1980-04-30,0.04242078644257398,0.574149908149864,0.0,-3.2534800622200923
1980-05-31,0.6128287729350637,0.13932457218318084,-0.03744911458713278,0.002764061988590005
1980-06-30,0.04442385742047713,0.5609744368429007,0.2497869958324917,-0.05064349096848861
1980-07-31,1.6275773205408361,-0.06833859828942496,2.8910192280830813,-0.027165628530956887
1980-08-31,0.0,0.20404876049649923,-0.3395252593299659,0.6805328026776506
1980-09-30,0.0,-0.48856713995064405,-0.5633009866179544,-0.5304941347888655
1980-10-31,0.05174794931909167,-0.34337025765542145,0.0044314790680252125,0.0
1980-11-30,0.0,0.5804568954349081,-1.5048053234383634,0.022490632540855704
1980-12-31,-0.03145748582246449,1.525909865667439,2.547765872743562,-0.1317632198166754
1981-01-31,0.4075966653091073,-2.4259809473135343,0.0,0.0
1981-02-28,0.0,0.01689097842064291,-0.6540111989175006,0.0
1981-03-31,0.0,-0.03908820262050381,0.5472426849370049,0.8928034927791582
1981-04-30,-0.15084666217957904,0.576110229405707,-0.0997779703521843,0.05857181906762671
1981-05-31,-1.3088522346579494,0.5881181800714883,-0.08314008897973262,0.5414254459199095
1981-06-30,0.7877093077186186,0.0,0.2783156630826783,-0.8101258602878912
1981-07-31,-0.35282405625432145,0.0014358148875316089,1.840175262882897,0.03495042520303367
1981-08-31,0.3481102055123353,-0.06602587409587245,-0.014777006128296315,1.8266703822013868
1981-09-30,0.11490477572443661,-0.0820488571721103,0.0,-2.5068368820942593
1981-10-31,-0.5730268299993511,0.0,0.9203985079316299,-0.8119786817253631
1981-11-30,0.704640394237289,-1.4759641958055958,0.0,-0.19510892082116577
1981-12-31,-0.2449661994590396,0.0364779165566303,-0.17385694297494844,0.00425649616798492
1982-01-31,1.2432854528627353,0.0,0.07107324399276917,0.22767085840223494
1982-02-28,1.2521305325417056,0.0,0.1811497863851583,-1.146570704004395
1982-03-31,0.0600189112259816,-0.06414326450591804,-0.16070652470030677,0.0
1982-04-30,0.09136933677574212,-0.08053647322221212,0.0,-0.04703222473886663
1982-05-31,-0.5462014159423162,0.0,0.2961064647023839,0.019471376920240008
1982-06-30,0.006577471466578364,0.012020693186073711,-0.12654984372074174,0.08470757387625047
1982-07-31,-0.1757607310710969,1.0937960500766641,0.5595243869682016,-0.0036694256423494445
1982-08-31,0.0,-0.26250280716615554,0.29646460848334144,-0.5382011546904528
1982-09-30,-0.11142473304915618,-0.17996624229583336,0.09056566603998562,-0.25417570293712444
1982-10-31,3.0889596700318687,1.2647537877164035,-0.5481885470831065,0.0
1982-11-30,1.5808474230856449,0.19452377958354927,0.06584048995418408,-0.20932279723523411
1982-12-31,0.7733190679741269,-0.4346637597931405,-0.4441777768480669,0.12684254287734495
1983-01-31,-0.06837486811101463,-0.3558543961662763,0.18858858552110694,-2.2806233710964805
1983-02-28,0.036837326847358715,-0.12175380611968133,1.8145927419424264,-0.1305076299883092
1983-03-31,-0.3242546475460709,0.03976307344037994,0.7407211693166726,-0.6263674016717239
1983-04-30,0.0,-0.04410642042420716,-2.2269056794253115,-0.13044683241464933
1983-05-31,0.12670254891071092,0.1715838077974375,-0.23396165207080424,1.7398550847016203
1983-06-30,-0.004238351616323592,-1.6974940745543374,0.12981387544665374,0.12436789486128107
1983-07-31,0.033537505393863846,1.3752841387436656,0.0,-0.06566889804573191
1983-08-31,0.18500991249681129,-0.015613632315501672,0.16447234635925773,0.42299666782172857
1983-09-30,0.08389691563056055,0.12086476821754136,0.25102185927092174,-0.15130389201067312
1983-10-31,-0.4035942467038458,0.0,1.530760490858928,0.025827627574131873
1983-11-30,0.09736979778173582,-0.020087363298086355,-0.1675802649843053,-0.0012421060692180408
1983-12-31,0.07823249585154661,0.0,0.1932551218536014,0.27123188184458
1984-01-31,-0.19920905126801797,-0.23051869129709462,-0.07673365971781232,0.07804995365780423
1984-02-29,0.0,0.23670634093306012,0.0,0.456186122162514
1984-03-31,0.0,0.1147243397401623,0.9059086714677325,0.2067763898415653
1984-04-30,-0.13531454706692564,0.24637094258322723,0.011921552286750568,-0.26146398915832264
1984-05-31,-0.029624607858820314,0.07378835259168073,0.39547633352091127,-0.013934270828540568
1984-06-30,-0.16103550347966566,-0.020496222037789127,2.2727803624787177,-0.381448306140816
1984-07-31,0.149504151247918,1.066583009365509,-0.06297026949065967,0.23493147827153868
1984-08-31,-0.006119581889519166,0.0,0.4938344655755576,-0.09088405953211405
1984-09-30,0.0900444212969139,0.7645123909233843,-0.11867053258376549,1.4767801810601398
1984-10-31,0.08099708511907164,0.0,2.6024760139099175,0.31696802861284706
1984-11-30,-0.3221358765745862,0.22173503441499082,-0.12766408263426857,0.6853444233273497
1984-12-31,0.30352559896677095,0.0,1.508012149971256,0.08092331646661446
1985-01-31,0.0,1.3718180445273025,0.6247481314491055,0.12016517337971422
1985-02-28,-0.07376782386484323,0.6267862866256958,-0.1368465719717527,-0.009254945569329496
1985-03-31,-0.06838932670965364,-0.09083118735329597,0.10216751458585532,0.49075532654900494
1985-04-30,0.03288318671790908,0.297469011841389,-0.5747170055152807,0.08446456885000378
1985-05-31,0.15549320046719922,0.08989007437644271,0.2799933514933923,-0.07841784270069287
1985-06-30,-0.47341858197950243,0.5765671373508362,0.485160858198488,0.0
1985-07-31,0.04079058142683553,0.28050799312962293,0.0,-0.25139591301969044
1985-08-31,0.013908890562605363,0.018073666930822838,0.4585322954028437,0.009469072314451418
1985-09-30,0.5380347936196953,-0.14444013777671486,0.009724751433443701,0.4602820634896967
1985-10-31,0.08181163151532965,-0.4005377544103989,-0.005632239647811517,0.33237427474244574
1985-11-30,-0.4207414558443771,0.08809768649673981,-0.01146982465328082,0.0
1985-12-31,-0.3825801416243301,-0.10650282270623798,-0.020627655062905922,0.01597694364527507
1986-01-31,-0.27398011603055644,0.15831842967639342,-0.0074804079063683125,0.0023083703993138907
1986-02-28,0.061974891351130344,0.39709690118573837,0.24928807250571483,-0.3264449266668771
1986-03-31,-0.1616144046699462,0.08147532618778339,-0.039338199535778016,0.7176453525487472
1986-04-30,0.0011032821932091636,-0.13227880744143566,-0.3366836414608522,-1.2566109143613733
1986-05-31,0.13243047899877103,0.08546675259168435,0.12698543364638332,0.3184461426181913
1986-06-30,-0.7037398881400763,0.22344651158500672,0.18420078980851906,0.0
1986-07-31,-0.007423159011060293,-0.6501823980875836,3.6697399404024047,0.0
1986-08-31,0.19428514247743758,0.0,-0.9693888297703407,1.5454291610487783
1986-09-30,-0.1942692299343735,0.0,1.5126423854595192,0.856771079206679
1986-10-31,0.0,-0.5314788631607275,-0.023973003156842556,0.21988521160750132
1986-11-30,0.18908370427000393,0.10232857027981773,-0.0002939426315326808,1.1351645036873979
1986-12-31,0.003051052809980706,0.0,0.2820198085274859,-0.4498727967220433
1987-01-31,-0.01983692394584021,0.6101112178288178,-0.1814542299703234,0.42862437051221913
1987-02-28,-0.04263423994143914,4.482155045802462,0.7423625576987185,0.6184732602262539
1987-03-31,-0.13535715459269412,0.1390044883115877,0.09392993510157364,-0.19281122428049857
1987-04-30,0.0584401548014597,-0.2641707643590979,0.7594647326586615,-0.0897195025935223
1987-05-31,-0.06447666096975083,0.0,-0.26810068873918563,-0.249717444454157
1987-06-30,0.27113382388333124,0.13935722626960578,-0.05711461764831269,-0.032229778708768184
1987-07-31,0.04639639212960389,-0.16257520768410486,0.11708516007276366,-0.02599876897206601
1987-08-31,-0.0997228858308419,-0.08811486094909995,0.3554874770770004,-0.3848910421141923
1987-09-30,-0.2227966805582538,0.6831941644301973,0.0,-1.190199891304056
1987-10-31,0.0,12.598788388005218,-8.009639806532467,4.119642000598762
1987-11-30,0.9190540047859643,-0.3854631095633162,0.025913150169648586,0.0906496857894366
1987-12-31,1.4870440404364489,-0.3311360159401582,0.3160559044216982,-0.286477804307069
1988-01-31,0.6455495567473811,0.0,7.0132497884453935,-0.09556110301122314
1988-02-29,0.176028507343947,-0.12760496268958685,-0.2323487340014128,0.19730371118145748
1988-03-31,0.34977327785931933,0.16976395191135948,-0.08092180059895691,-0.030503218053945513
1988-04-30,0.0,0.7967176135304925,-0.33503315828381386,0.0
1988-05-31,0.4214534521079894,-0.01552001118732908,0.15473965653128358,-0.41725119620639306
1988-06-30,-0.39825728932686716,0.00891211207925307,0.43651497879300727,0.18232098083379122
1988-07-31,0.12516287870220996,0.030863544199397533,-0.03760577321070981,-0.10394602703144586
1988-08-31,0.17532565903519548,-0.004133177771271231,0.016294972306150835,-0.0004988436605246963
1988-09-30,0.3222778440572689,-0.08617810157962452,0.43874139416376035,0.03492606495112156
1988-10-31,0.014163459307594389,0.015345050318833688,-0.003910516024849016,-0.8884684908962002
1988-11-30,0.13659636500147432,-0.0020708166153950193,-0.030611232042619202,0.09481158836557076
1988-12-31,-0.10428366501746977,0.0,0.3766905740500016,0.03551617934683736
1989-01-31,-0.019425743337003885,-0.07411971091847036,-0.2251967671117909,0.11835868432553544
1989-02-28,-0.23985383673876978,0.04200584665647415,0.021932367133697526,-0.09818296322040586
1989-03-31,0.0,0.03627152900660472,-0.40769708027340057,-0.05030749688589104
1989-04-30,-0.00952691405749685,0.08830288991403913,-0.09679921455653334,-0.028531110308398815
1989-05-31,0.016229081451369202,-0.017534413017721007,-0.12437442999392692,-0.1590851532255693
1989-06-30,-0.08918383355048998,0.05923556686950483,0.4452253160712011,0.2959578898273064
1989-07-31,0.057149593939047734,0.0,0.035848376991509986,-0.2089247188118056
1989-08-31,-0.13041553017568835,0.28202920296114514,0.0,-0.07892084382254451
1989-09-30,-0.04436870411035382,-0.05772688554779074,-0.20761237365657553,0.08367652539169668
1989-10-31,-0.007439645754635248,-1.9257895220037828,-0.28689794905020166,0.14995056051867883
1989-11-30,-0.14522550878916335,-0.00016681682964624973,-0.9736465438551509,-0.24809480699533382
1989-12-31,0.40271290129919257,0.0,-1.100073265981305,0.10608872047727211
1990-01-31,0.0,-0.07209996131910973,-0.047576915390484115,0.3053674499002556
1990-02-28,-0.03623977005887842,0.0,0.16556035564597146,-0.1622243300014803
1990-03-31,-0.0058156396813405925,0.282256836141988,-0.07378040316308906,-0.14350467804109074
1990-04-30,0.16888530013637706,0.0,0.2593841681282004,0.15725611211376994
1990-05-31,-0.08155286367574198,-0.05445485028207579,0.06290423114706623,0.25436030349772293
1990-06-30,-0.09683674477920803,-0.9898667643834916,0.0,0.2969072505740107
1990-07-31,-0.17331497370433807,-0.045553672509906676,-0.5595571998571622,0.2323420734203135
1990-08-31,-1.1575324067204948,0.6344014063128486,0.0,0.0
1990-09-30,0.044264670246147095,-0.434365872480063,0.04897811301998278,-0.31269111500194174
1990-10-31,-0.4448244107660685,0.06920808031060353,0.05852093804499916,3.147776545324902
1990-11-30,0.2606057438026448,0.0,-0.8060734394481635,-0.38168116663687324
1990-12-31,-0.008350766788832792,-0.25773033818036584,-2.9366391107663463,0.30892863232262147
1991-01-31,0.0,1.210505969026374,-0.41443134277967153,-0.23318805300001633
1991-02-28,-0.212766137677856,0.0,-5.546542373101461,0.947944482052135
1991-03-31,-0.035219864521934284,-0.20050430821707266,0.13943263608737894,0.1073662667736665
1991-04-30,-0.012886600394168066,-0.17005455720555424,-0.5111482321277787,0.4607447122948989
1991-05-31,0.6283839877503069,0.0,-0.427698418578547,0.10329570072671887
1991-06-30,0.006460709316449718,-0.06519755519201285,0.40400508892700676,0.2997852968437249
1991-07-31,-0.35510471023959156,0.0,0.004113861394499138,-1.1416176579083395
1991-08-31,-0.14070378493029903,0.6223976740453443,-2.1919039824217488,0.09209494648052957
1991-09-30,-0.049755844439372254,-0.011276310673163339,-0.13827388708954114,0.4647357041045017
1991-10-31,0.25016508889246797,0.3773891100324442,-0.016246201776504716,0.03783803434756977
1991-11-30,0.3809155229892155,-1.5562836100037147,0.0415744484003254,0.061475269321015574
1991-12-31,-0.050562910151542156,1.216753578054889,-0.3025624653158964,0.03331476837620695
1992-01-31,-2.1958519231035023,-0.23805624828995253,-0.41439901731068496,-0.07177838307142773
1992-02-29,0.2259345719041663,-0.3722617640904271,-3.002562948181742,0.0
1992-03-31,-0.0267380865213164,0.2969377247533766,-0.30049910541006664,0.15745086707095643
1992-04-30,0.42184099855374846,-0.01751224499019538,1.1172145905199757,0.0
1992-05-31,0.017764057069823154,-0.20873428461038418,0.15255121448560796,0.0
1992-06-30,0.003836811751919203,-0.07313698771181289,0.0961986634194012,-0.21407191480251342
1992-07-31,-0.11026700320364291,-0.18123827317667124,-0.78086234715148,0.0
1992-08-31,-0.4324218880295038,0.08908595356785909,-0.03090586448468794,0.006851383523241704
1992-09-30,-0.0999184209653869,0.126107912047132,0.0,-0.5325331011787866
1992-10-31,0.12641101849248712,0.6581311128718135,0.37973986316575004,-0.07256428275223843
1992-11-30,-0.3332908420429244,-0.19792579439144903,0.07907835984475423,-1.2227698501794082
1992-12-31,0.13711570535254178,-0.1449658040461393,0.10219517656541581,0.28567523030435427
1993-01-31,0.0,0.8501716172024432,-0.748005717102692,0.015485962489066444
1993-02-28,0.0,5.469132669436384,0.31444766124283907,0.4553666707688273
1993-03-31,0.0,0.0,0.1890722316496437,-0.06681112895050167
1993-04-30,1.4341680800990457,-0.030985116749703244,0.09048511714529242,-0.47841288628205203
1993-05-31,-0.5760066580350345,-0.17615849319420596,0.9319484208132117,0.08100243172273806
1993-06-30,0.3372575863595825,0.4054908882747022,-0.4161045666310271,0.0016325009703094156
1993-07-31,0.0,-0.05099601536387206,-0.25422806211492555,0.1674056871332643
1993-08-31,0.06699753371578618,-0.010488877340356908,-0.2079741670721952,0.056136760925732006
1993-09-30,-0.4853430882189492,-0.11547896405019847,0.0,0.6612953903344373
1993-10-31,-0.04160728583432664,0.005720198807222036,0.5851081186252302,-0.15892002912802117
1993-11-30,0.0011244163702286425,-0.1909130265351554,0.0,-0.2254114336105756
1993-12-31,0.0,0.1989487216583771,0.0,-0.9039161251869832
1994-01-31,0.0,0.005632939495135139,-0.5394073310213489,1.2500794188228317
1994-02-28,0.21003279150715884,0.14470634472493057,-0.537611648773381,0.0500551070414779
1994-03-31,0.02165999388626955,0.10590139391194772,0.046168200221768055,0.0
1994-04-30,0.060352222201685984,-0.04300032699583319,0.20509310653144974,0.3185555654619654
1994-05-31,-0.46318158151648703,0.009523872705052483,-0.005202572923743015,0.0
1994-06-30,-0.031519609668506234,-0.2847499756715138,-0.1284504702087726,0.3800299944728621
1994-07-31,-0.10023663484134944,0.03199254939605885,-1.0216156608018803,-0.0786182378396544
1994-08-31,-0.034372280431067596,0.12601466683779045,1.757771784079506,-0.09083684297320846
1994-09-30,0.1475679501111229,-0.3098133061649417,-0.0988288848417139,0.0
1994-10-31,0.7067393204946651,0.018292966058629272,0.36803609821938166,0.0
1994-11-30,0.0,0.0,-0.4050311844030291,-0.0815012812891995
1994-12-31,-0.02087195628060294,-0.51625433290797,-0.04171158817920373,0.7065174649703593
1995-01-31,0.0,0.7231663181189656,2.462193777695282,0.0
1995-02-28,-0.11826952281365806,-0.10583938327140743,0.017283356586422348,-0.27262962467468427
1995-03-31,-0.0044199806437697185,0.4302269206455933,0.044872039090116514,0.0
1995-04-30,-0.03731084496642335,0.03407304826282748,0.0,0.4747691600287008
1995-05-31,0.009530052121126011,0.07376262398661348,-0.10749523045632775,-0.008962824402049532
1995-06-30,0.5704202369779194,-1.078522229055285,0.0,-0.9044472455149607
1995-07-31,0.04524824910505067,-0.22150617506311082,-0.021677847407900894,-4.890758690315382
1995-08-31,0.0,0.0017024508228877175,-0.28676947137230857,0.35339888615996895
1995-09-30,-0.023284753153119547,-0.7124926863070326,0.2807650370682177,0.00046704499416861804
1995-10-31,0.02671723266430526,-1.6545943080613223,0.16131566288993543,0.0
1995-11-30,-0.6922284042396969,-0.03250047639040702,-0.6731704184972257,0.02533597960387101
1995-12-31,-0.07588721554151959,1.195094401497247,0.0,-0.8969358112599132
1996-01-31,1.2092497687555896,0.03016695361872074,0.0,0.4366935420304331
1996-02-29,0.0,1.0153424292041264,-0.03649466195213854,-0.3538413110797747
1996-03-31,-0.35196008328722006,-0.014810936860929784,0.5416636045093607,-0.03190995959093378
1996-04-30,2.2408311662438565,-0.0490035234028508,-0.6712798638378703,0.0
1996-05-31,0.0,0.5060725368464994,-0.05605561706187666,0.04856997478131204
1996-06-30,-0.00044521693944831603,0.36125412788870825,0.0,0.0752673319743605
1996-07-31,0.12613029158354364,-0.9351754569340766,1.0119321526103044,0.0
1996-08-31,0.0,0.1579943469617236,-0.3147579814949734,0.16604375545697608
1996-09-30,-0.13057515684451843,-0.03904547140934105,0.35657699313391705,1.4480437990855395
1996-10-31,0.0,-0.6244788265794203,2.2195769140655566,-0.15152730431646594
1996-11-30,0.0,-0.21310779180418332,0.8323939987560783,0.7298846690012032
1996-12-31,0.4531197948549509,-0.04183828297988984,-0.2504992267169527,-0.037158225077071935
1997-01-31,0.022835621875709977,-0.41634150162850264,0.08771508922626575,0.057071739458352005
1997-02-28,0.3800142651752332,0.10456690640212749,0.1933796977314578,0.5020586379610061
1997-03-31,0.0,0.3724754643593127,-2.2464174905876413,-0.42734149596333787
1997-04-30,-0.019103310634626513,2.5293768019339384,-0.1409369575598476,0.7634672057677055
1997-05-31,0.0,1.6487851805526406,0.3003193134597411,-0.1776916807175391
1997-06-30,0.013575766158151162,0.11465553304828147,0.0,-0.13389930216774037
1997-07-31,0.41387350656142624,0.185981572164639,0.11209374943850497,-0.4404475351485669
1997-08-31,1.1187855267217304,-0.09241089356976313,-0.18511152566550657,0.051393588269667126
1997-09-30,-0.017791517309932163,0.3378329811437835,-0.5099735531024915,0.01277163914554788
1997-10-31,0.0,1.8457200249112355,2.8206199920088766,0.0
1997-11-30,-0.27008402495526085,0.18330311954988138,-0.26484109846568243,0.06261573855397584
1997-12-31,-0.23935679626759718,0.0,1.7764500356692685,0.5422208218085586
1998-01-31,1.6403192818780452,-0.07421598317725024,0.0,-0.3358416112522002
1998-02-28,0.0,-0.09431569035016649,-2.882683167313913,0.0712551219916927
1998-03-31,0.0,0.903662489815626,0.0804847485363459,-0.20163077714665362
1998-04-30,-0.1344224776030792,0.3763249171767693,0.5825716240655842,-0.13984281064712786
1998-05-31,0.9879272240271879,0.13531491279003008,-0.20111183163601412,0.05515587667052793
1998-06-30,0.020208193387386903,0.5145761967931275,0.0,-3.9701560645249057
1998-07-31,0.6538450890736043,-0.1868635299693612,-0.10893426812572768,0.08922090645725334
1998-08-31,-0.08348757441557253,-0.11259209664663009,-2.758410775433315,1.465308836804727
1998-09-30,0.6885451570415762,0.0,-8.919835286854067,-0.8385061463618644
1998-10-31,-3.4058657053061614,0.12178200714148407,-0.12413793633453271,-0.3903333751937743
1998-11-30,-0.12934593786254736,-0.10038778171539624,1.7974910833858602,1.7052917478861855
1998-12-31,0.03734561785695237,-0.8887998974151227,-1.2620982958676121,1.0686317425623826
1999-01-31,11.812186695644964,0.0,0.5596222533163812,1.2244807102220654
1999-02-28,0.08147382294289865,0.10299757878057147,-1.1513546061597433,0.9809903858370396
1999-03-31,0.19406048251882843,1.0689788728143133,1.1156686558658393,0.06089186402520984
1999-04-30,0.0,0.0,-0.15358757316138727,0.04161244278817868
1999-05-31,0.4856965383137897,-2.188079230711841,-0.42547824610211693,-0.19906750624788297
1999-06-30,-0.08362385955815092,0.0,-3.671739780916254,1.469905995653582
1999-07-31,-0.004342150576808309,0.9709465369783028,0.04701252212071303,1.1514246087378623
1999-08-31,0.3640736518173428,-1.1969038183240102,1.811334622338107,0.5011036496466246
1999-09-30,1.7721952726314472,0.4301150955691204,0.0,-3.0545746784376586
1999-10-31,1.81900527505424,-0.2403213835093648,2.102006737042567,-6.722636468769876
1999-11-30,0.0,-1.5254635302903101,0.6089295298598684,5.860336437181287
1999-12-31,0.0,0.3767175438901606,2.9886138936578073,-0.9334621930202556
2000-01-31,0.03559950288920416,-0.9825149434449436,0.7325326832142341,-0.20699103455846368
2000-02-29,0.0,0.0,8.220299629455642,0.6813693111420702
2000-03-31,0.6594898848236131,-11.123664579112031,2.7757289399610983,0.0
2000-04-30,-40.579854544679925,1.2939637674235138,3.929435639635165,-0.551019983853153
2000-05-31,-0.9695843837329262,-0.15689633790834243,0.0,7.6924786679160215
2000-06-30,0.0,0.45245088250370785,-44.514371819075535,3.3755860229555967
2000-07-31,0.40012963225913556,-0.883527122977255,0.0,-2.8860000070830933
2000-08-31,0.0033055530250628296,-1.2504640337891666,-0.3246732339524221,-0.613827927043594
2000-09-30,1.9747448127047411,6.328902765321562,0.07610359651378923,1.7552755843945098
2000-10-31,-0.30357801399253415,-7.825942514345163,-0.8065038942568773,-3.0810112078597074
2000-11-30,1.8662822055387753,-21.473046914578326,-1.0170482608318734,-14.750767082361994
2000-12-31,-4.105710739053719,0.019961747644037492,-0.216945454098549,-0.6653450153245273
2001-01-31,0.0,0.0,37.992316930629286,7.917639633589144
2001-02-28,0.0,1.6422797876165305,-1.434772749373858,-3.83724338415772
2001-03-31,2.4741806820307946,-0.08819652469869088,6.604072984030351,-0.48495624208960647
2001-04-30,-5.1597347000043285,0.5155796398298605,0.0,-3.1295710054466612
2001-05-31,-0.19103347743374538,-0.010240100792690625,-1.8996401748733993,1.7876477997080034
2001-06-30,-0.2410236472222231,0.0529559228845609,0.0,1.0765261234315953
2001-07-31,1.3869303026342439,-3.1605976661202035,0.00046199891965869965,0.2508126952045607
2001-08-31,0.0,0.14678071989062194,-0.5882935110961098,-15.296552326203978
2001-09-30,-0.22683907413507456,67.65170544627557,0.08616010865056367,5.7108970020740095
2001-10-31,0.21902985981501927,13.027651100616703,-0.0018527847828731792,0.7301549278995104
2001-11-30,0.0,-9.620934853064457,0.28579554301163085,0.11848226990468501
2001-12-31,0.0,1.6523970764112683,0.11426885076141025,-0.9781884041593383
2002-01-31,0.0,28.711204037766365,0.5106299164901262,0.08292457112730475
2002-02-28,3.234545204327424,0.0,5.879792768720129,0.492489969433715
2002-03-31,0.6714539408044877,6.289583599660008,-0.031058226852695117,0.0
2002-04-30,1.2076934986786585,0.7297519090733693,0.0,-4.272123221083969
2002-05-31,0.0,0.0,-7.813484324153991,-0.4028848115275063
2002-06-30,0.12277625162727707,-0.15941123851638828,4.896476636203751,-0.90608974547068
2002-07-31,0.0,-0.26002639743631045,3.544393415290796,0.5977454276651427
2002-08-31,0.13018408348403443,1.4315648867279602,0.15278573352739394,-0.16876238494736195
2002-09-30,0.4775778705204257,0.0,-0.3257924478988317,10.412705794684875
2002-10-31,1.5687134143161843,-0.7959898279203922,-1.5471526283399262,3.197468369067402
2002-11-30,-0.6121613369023006,0.02879764196161627,-0.06460971014152322,8.428210826514146
2002-12-31,-0.06667984363914552,0.0,7.519662061559914,-0.34664100506156825
2003-01-31,0.3606604987419385,0.027404222683634225,-0.2058880753846627,-0.0007545774100612759
2003-02-28,0.2960923641793986,0.13460166922664796,5.151069712943726,-0.18069828572131574
2003-03-31,0.04045868183641497,-2.24504054424584,0.0,0.033866710123562634
2003-04-30,-0.008792735712950736,-0.016063575492629902,2.05775861806352,0.9215716492354583
2003-05-31,0.0,-0.5068342571898614,0.1567511557714177,3.942349930997057
2003-06-30,0.0,0.10777574284614722,-0.124206600414585,0.126258433765895
2003-07-31,0.2326309930822169,0.0,-0.9366065544194437,0.11368245683256577
2003-08-31,-0.15606396536986328,0.0,-0.0328942556610682,0.3616446892840313
2003-09-30,0.08951796763232894,-0.46959728770343584,-0.003846758351141918,-0.07015753700469138
2003-10-31,-0.005197430747786857,0.04075849987646557,-0.3219646750906484,-0.13975556810912682
2003-11-30,-0.05959931359558164,0.09348722732930256,-0.01790501608900321,0.4955948678877785
2003-12-31,-0.2324072038329477,0.0,0.7869880041876107,0.157641428666037
2004-01-31,-0.0745843917252127,2.62009201802766,-0.2822973056300894,-0.406305263519572
2004-02-29,-0.31764998477418377,1.9523516172590611,0.20431103430831296,0.0
2004-03-31,0.42926353699935826,-0.38979173085080127,0.0055260270848954025,-0.018455397662399557
2004-04-30,-0.6667313960991631,-0.682089596906474,0.1273053467763698,0.20047872635758468
2004-05-31,0.35796599114247973,0.07790689255735131,-0.06533129887006645,0.12916124201960416
2004-06-30,1.0188178456384749,-0.15746135706106723,0.0,0.32380719356315363
2004-07-31,0.1350134754555185,5.207661590302016,-0.026273024049630236,0.0
2004-08-31,0.0019997557260041376,0.0,-0.44981718306151336,0.0787605508924605
2004-09-30,0.029252764488635053,0.04270650508102188,0.6183106284355592,-0.3442588610201753
2004-10-31,-0.10048981216316821,-0.08126035036241644,-0.9423024495446819,0.005654078075326523
2004-11-30,-0.07856343306810352,-0.037139666229858696,-0.40197995582387525,0.18505332181602102
2004-12-31,0.0,0.07492659301916739,0.2655524729278352,-0.002544586457596504
2005-01-31,0.9539903929419296,-0.14647839431165438,0.0,0.5449794340244816
2005-02-28,-0.014524085229820544,-1.2239277601972764,-0.0702156921268013,0.391199775277125
2005-03-31,-0.14875133139347102,0.7618349764803101,-0.23876892010803658,-0.09315849115990396
2005-04-30,-0.033972307348721295,-0.26089599847550027,0.24424237191117062,-0.30095533150551984
2005-05-31,-0.22401713877163285,0.01601037956706383,-0.4070399838694461,-0.3978528013597546
2005-06-30,0.13350232814403581,0.0033082092627711723,0.2622084145558743,-0.3482869248774656
2005-07-31,0.030634635801257377,0.5374764592419696,0.0,0.5297998118953455
2005-08-31,-0.0001428552487557609,-0.01911586571030594,0.15903362088333436,0.01892847525575167
2005-09-30,0.09973334462243658,0.045194140481460796,0.0042102804974663965,0.4302030784416044
2005-10-31,-0.7593549673989004,-0.07034795537861659,0.07434533638308437,-0.18798093892169368
2005-11-30,-0.12618499631555993,0.09176051661613266,0.09402753731986421,-0.006630979743775959
2005-12-31,0.09664016057783228,0.0,-0.02055493605918832,-0.4313705295153842
2006-01-31,-0.1766591185921253,0.0,2.058943049810832,-0.6022282965545286
2006-02-28,0.2920792094216988,-0.804703644072484,0.0,-0.1792120694881565
2006-03-31,0.032208808062151525,0.0,-0.5655922933445364,-0.0776609542867186
2006-04-30,0.13951381051859288,0.17813203981153888,0.11758426937225841,-0.029095803296536625
2006-05-31,0.002088139409302503,1.48364558204203,0.0175923015508534,-1.4720016045966249
2006-06-30,-0.012467453613969597,-0.2082269471264331,0.07850129262583071,0.11107611799002619
2006-07-31,-0.2623395953588865,0.684883947150916,-0.09459198154480075,0.4781228897297571
2006-08-31,-0.1442678843317939,0.122747973281324,-0.4297540494194203,0.5225939776014192
2006-09-30,0.18327480427944282,-0.03070662200287643,-0.02335259226514574,0.4368189423995009
2006-10-31,-0.04607323474290553,-0.11258692780592472,0.30748636290882936,-0.14073945136854477
2006-11-30,0.5192771033568262,-0.001961624628506105,0.009755170642647165,-0.10513930721700304
2006-12-31,0.293737207302267,-0.030450440746214447,-0.08831124322388982,0.5287722906770662
2007-01-31,0.0,-0.0424979155888119,0.7345774026388758,-0.13486851291800087
2007-02-28,-0.13309749866001636,-0.15961230778781677,-0.08324893336505618,-0.4003739183372117
2007-03-31,0.034277229926041035,0.2243996720356032,-0.024877379331874703,-0.11574546406250712
2007-04-30,0.052720769850278515,-0.026992220191646654,-0.19213826832765032,0.0008606165918007697
2007-05-31,0.0033657476931508038,-0.36114909640891724,0.11345486844452725,0.006381668692863475
2007-06-30,-0.13288483556119535,0.24600354211689923,-0.3754828605043612,0.16311260684551385
2007-07-31,-0.634724704062979,0.33598750634773966,-0.16587669808416314,0.1736441495788464
2007-08-31,0.20009383401142322,0.007671939549954772,-0.17283692832134362,-0.05354237811331656
2007-09-30,0.010834245645817794,-0.48419231435862914,0.12329524214358323,0.0
2007-10-31,0.45327515938050034,0.05156685405221429,-0.10720046484190193,0.40379724688138974
2007-11-30,0.47653642419190007,1.4457507035084187,-0.012916740350798865,0.14960245478701567
2007-12-31,-1.1759942173297755,0.6155239722559221,0.09712673220150589,0.0
2008-01-31,-0.017422364417723313,-2.2190782206272948,0.8699961603387794,-1.5372625677629508
2008-02-29,-1.1214134698374851,0.17272259311189458,3.0864602260461047,0.0
2008-03-31,-0.5815883269817967,-0.047861679732867105,-0.2751407967106515,0.0
2008-04-30,0.12490482519353803,-1.0168065414938203,0.596911691306913,-0.010378961183452065
2008-05-31,-0.03577551143686823,0.066098627359987,-0.6764670485752479,-0.846910177362625
2008-06-30,-1.1269786320874222,-0.08215866081817304,0.22496335313703092,7.033739694107506
2008-07-31,0.001698661116007547,0.22398977940228165,1.8561365957939753,2.4703854574151674
2008-08-31,-0.1994301781798538,0.0,0.048681460511541354,-1.4227898094167313
2008-09-30,11.171896432445015,-1.2963701301202843,0.0,-2.008486651024672
2008-10-31,4.553054655621508,-1.5572902987523205,3.639653224746969,-0.026015482921539903
2008-11-30,1.858007913985448,-2.2377054408540316,0.8552651117466885,0.8951402894564091
2008-12-31,2.721343473405397,2.752380770289298,0.054746015956230576,0.05858076662352732
2009-01-31,-0.41867755762601483,0.0,6.591108450645019,-0.5831963391408186
2009-02-28,-0.04133432660343042,-0.9678329989070537,9.293078000718058,1.2001565453390757
2009-03-31,4.1572409986933385,0.0,1.6591480162782402,0.011807611717308375
2009-04-30,25.370841601858135,0.15745318056801438,-0.3549033484187666,1.666868734631187
2009-05-31,-5.583457237270471,0.6213868527673698,1.9866435527652533,-0.46907696624638784
2009-06-30,-0.0996573783593677,2.621142440983651,0.0,0.032691297840377914
2009-07-31,0.8248690264101834,1.3455637992899383,0.18111645746393223,-0.40640888007876075
2009-08-31,1.2026947294506398,-1.8611258171410654,0.0,0.0
2009-09-30,0.15156164126246763,-1.906114517159221,0.5438196211068577,0.06343984444790333
2009-10-31,0.027481149754222445,-0.30894008109878474,-0.05244663951580858,0.4175777512011978
2009-11-30,-0.162262964632579,-0.02462267962423054,-0.22630694908351284,0.02410946103738947
2009-12-31,-0.08476697280705799,0.16894740212351922,0.2150123287612814,-0.19539155002282482
2010-01-31,-0.0037971038188250547,1.0809715453496764,0.17225522380366542,-0.04718833682405324
2010-02-28,-0.039988619165549744,-0.2131006487426512,0.8167971951386205,0.020074346298475175
2010-03-31,-0.060357255133997804,0.28216732116253773,-0.33093193997846676,-0.5748457918349921
2010-04-30,-0.10033992533441825,-0.3916619158916662,0.2224957073247583,-0.025615506289087875
2010-05-31,0.04439074883725816,-0.35679961172147934,0.0,-1.0695709758047356
2010-06-30,0.2373684407559244,-0.6865081320270549,0.49859360377960615,-0.07377581717048952
2010-07-31,0.09850243997705747,0.008103630721918135,0.05835459527029818,-0.5416566558316489
2010-08-31,0.09486350723547589,-1.0151263146118696,0.0,-0.27112295495644123
2010-09-30,0.015646709573124255,-0.010871623603862332,0.20718498940717622,-0.044295382636698896
2010-10-31,0.004248695607203105,0.06582949501775634,0.6197503903905619,-0.18813346290490868
2010-11-30,-0.06379234637209773,1.2081091932439907,0.2516192634142309,0.0
2010-12-31,0.8268542264613127,-0.17397912847179625,-0.1185899073690947,0.11801556288167989
2011-01-31,-0.0074233181355212886,0.017269856525325596,-0.7461466791770833,0.08650909597420826
2011-02-28,0.0,0.6355537119148211,0.13025364013666374,-0.08001389368291575
2011-03-31,0.17034524748677715,-0.013318851327855138,-0.004501532188325848,-0.21804343459247474
2011-04-30,-0.2971904025362557,0.0,0.2120583216347535,-0.023062142882573692
2011-05-31,-0.01388500094884311,-0.15319626579869866,0.4164217090337835,0.11797617000252202
2011-06-30,0.0,0.0678154693272322,0.6760033351610663,-0.24901084876089952
2011-07-31,0.22932771010384126,-0.08552874268797071,0.19609317590997344,-0.5339142722661403
2011-08-31,-0.4173229347447981,0.0,-0.1900223301111447,0.2690664684027452
2011-09-30,0.39967957226132905,-0.05108413933683531,2.406225981222585,-1.0280038934415412
2011-10-31,0.0,1.0728437808757858,0.1152021467739473,5.456692444144033
2011-11-30,-0.019215918245788277,0.009276634399037552,-0.08590817003414966,-1.2434846670243735
2011-12-31,-0.1215994684415042,0.015047634034533203,0.7296533844003664,-1.3355727569363318
2012-01-31,-0.11942164544884414,-0.20836701199057645,-0.08047777948384773,2.232738095852667
2012-02-29,-0.10265310356390743,0.06689610646473323,-0.06652858254067255,0.19180328640623848
2012-03-31,0.3593594490537433,-0.16409177571611985,-0.015445632530543926,0.1240453820934721
2012-04-30,-0.8621804682835922,0.09718168981261728,0.05408467975951388,-0.11767616073516367
2012-05-31,-0.11485282554746723,-0.10735118173696093,-0.36547700168924746,0.6758114380469983
2012-06-30,0.6383707153132895,0.4166388106764525,-0.3018165435529171,0.024486367043020495
2012-07-31,0.03762735696612244,0.18385340069046702,-0.2307779589059688,0.3697114694626126
2012-08-31,0.3187431447695316,0.0,0.06869770792203458,-0.11208002066214005
2012-09-30,0.0,0.16578512399030798,0.06803811353726216,-0.35056938329745696
2012-10-31,-0.519656743400667,0.00029111208467570644,-0.057024160014368185,-0.26251235439481546
2012-11-30,0.005240418006265754,0.5233863114285923,-0.5542484190972986,-0.08887710744741718
2012-12-31,-0.32992436034313133,0.18031635197174795,-0.00907679550863878,-0.0351649058128246
2013-01-31,0.04349607216126697,0.0,-0.052704840893549286,-0.20219149376568238
2013-02-28,-0.05707407323515348,0.055203244900330434,0.6042483081341035,0.08459015596726496
2013-03-31,-0.12780002215371405,-0.08414244848425555,0.27838264629152415,0.33223900574768767
2013-04-30,-0.041752481215291015,0.03115848363648694,0.3847545563640993,-0.2649532684745059
2013-05-31,-0.19661649987130847,-0.06287966810066653,0.10097344832203031,-0.034055855241483884
2013-06-30,-0.01917648857142177,-0.07847972743934305,-0.07710953349823113,0.32575513129526157
2013-07-31,-0.05402274537926856,0.09296705419160328,0.018420966750891155,0.14622375212723426
2013-08-31,-0.04578391894296916,-0.25836458408046126,-0.5162915289416059,-0.1079241016603088
2013-09-30,0.08827420832446356,0.02278988299818741,-0.20370919461021686,0.018052849951446414
2013-10-31,0.3304788912063544,0.0023113774739270078,0.0,-0.2492609434642339
2013-11-30,0.07884763336551696,0.15777830500923817,0.10910299889293032,0.0
2013-12-31,0.0299090493692917,0.0,-0.3766211511953042,-0.08234128827248158
2014-01-31,-0.07309116257606295,0.374332940360383,0.000642538526339455,-0.05252764062262841
2014-02-28,0.08600502430915653,0.0,-0.013732990777434458,0.18652050966713685
2014-03-31,0.005924858425537652,0.027252076868035956,-0.7203408548382308,-0.905464245555126
2014-04-30,-0.01172527371635195,-0.12012892406885128,0.02119297168684712,0.0742969137711562
2014-05-31,0.0,0.10772938196610743,0.04579995682917917,0.5610465145481717
2014-06-30,0.47847653432289805,-0.0497960387509677,0.2617651280983846,-0.2500703415039041
2014-07-31,0.0008506267190914081,0.0034775582695285683,-0.013400752141534845,-0.04099634934533733
2014-08-31,0.029622853039070647,-0.04285949705795036,0.0097168476502567,-0.3567324462196311
2014-09-30,0.00639018059759678,0.0,2.022473072932236,0.07665268135688291
2014-10-31,0.8348571106767659,0.8286892704582461,0.06424799862539576,-0.02100848138521158
2014-11-30,-0.1960903210989678,-0.19498698283974145,0.0,1.9924379668082772
2014-12-31,-0.04882302768613063,0.196801681287197,-0.022090085510225704,0.06642598823861337
2015-01-31,-0.10543358713972442,-1.269684983805473,0.0,0.7476468169508925
2015-02-28,-0.0014298202858400166,0.0,-0.19457950767869242,0.2363253158237876
2015-03-31,0.046289097566530456,-0.06880288442428212,0.08416985482137039,0.026536633748389188
2015-04-30,-0.18815422678375104,-0.01884404517956555,-0.3142058824238572,0.28977077467892226
2015-05-31,0.1265837484298202,0.0,0.5741416392059626,-0.23743370792700147
2015-06-30,-0.01571801549139866,0.1807117669635765,0.4081631043416447,-0.03947222723125517
2015-07-31,0.20243068896889815,0.5078979209028271,0.25429667389709604,0.13655872720290096
2015-08-31,0.13554939943735764,-1.13057268689575,-0.7540959498763499,0.047861550544501086
2015-09-30,0.004990146528437314,-0.1860627589539571,-0.08988499763610286,0.6525518428404863
2015-10-31,-0.006880213362908699,-0.1295002078843802,-0.12463317869568072,-1.4506742597176618
2015-11-30,0.12212652136824376,-0.20699566856607554,0.29464769000167934,0.3051208234147089
2015-12-31,0.00028397512966314015,1.4233844453490694,1.142147365127924,0.0
2016-01-31,8.13481110685971,0.0,-0.16632893444079627,0.08567280343862904
2016-02-29,0.14635642365081003,-0.05373414888988637,-1.4550916712044697,-0.2407445715548355
2016-03-31,0.08430996174119071,-1.108305120452551,0.0,-0.07577510772905649
2016-04-30,0.19667406741370408,-0.13008023713564992,-0.10676703091949,1.5657196454445175
2016-05-31,0.0,0.13244163553947214,0.09327653130808673,-0.48473773043797636
2016-06-30,-0.07895021137896846,-0.12090559038200241,0.6201648325783443,0.0
2016-07-31,0.030107749132392454,-1.1069652857581211,-0.4400342563424043,0.034820028306946964
2016-08-31,0.0,0.19395580254824257,-0.06630186657643833,1.2832996177830718
2016-09-30,-0.17153906986520517,1.4033405305334195,0.34998084580719657,0.0
2016-10-31,-0.05510250647379638,-1.0288258420679923,0.04033099380885452,0.258646207926684
2016-11-30,-1.246005810141198,0.0,-0.4952441860735498,0.0
2016-12-31,-0.10152733248066434,-0.23230971052910412,-0.5144517173204372,0.019500208264007838
2017-01-31,-3.095986168802356e-05,-0.0013828163463913109,-0.32580932852105593,-0.41610878108785054
2017-02-28,0.4441132854586731,0.03726061272560628,-0.09341474234729136,0.11993737452199407
2017-03-31,0.12985069391085355,0.03339763581042677,-0.2927761911694593,0.03365191679984782
2017-04-30,0.17669851311759352,-0.20849677724389018,-0.25432202920833535,-0.05076487287419927
2017-05-31,0.3322790219944028,0.08802325051593884,-0.8215219110599074,-0.1435972889781268
2017-06-30,-0.5610233613577958,-0.04691442185606075,0.2997242281252539,0.0
2017-07-31,0.029840135047567842,-0.18714421059898367,-0.022066899685064197,0.10452715501514916
2017-08-31,-0.15051021957242586,-0.08701445492527955,-0.022936338512290738,-0.403974353666138
2017-09-30,0.28151318935677405,-0.31888994386768627,0.028269311011188344,0.08139546878707124
2017-10-31,0.035804443407671374,0.03581845527671738,0.055999332446465405,0.6005612747704459
2017-11-30,0.04493677365365731,0.25843182783142166,0.0,0.3347036249658658
2017-12-31,0.13714802753029975,0.0,0.9065287005641571,-0.06947970437269187
2018-01-31,-0.14654451402369031,-0.034368676899086105,0.33752767785721677,-0.32273175212175703
2018-02-28,0.37920914252254806,-0.05380192043071859,-0.8058021495319925,0.04811526034585821
2018-03-31,-0.0893769609016645,0.33297445149674,0.18650420313862098,0.12007539032998354
2018-04-30,0.47549438198445626,0.10167126572423654,0.24533755365843143,0.006256526843209711
2018-05-31,-0.10209086702291266,-0.02285616461292026,-0.22012791245967514,2.091392240444832
2018-06-30,0.0,0.0950915680621465,0.7275689159185836,0.0429635757882264
2018-07-31,-0.09757672083940831,-0.3136008084125441,-0.03246117909219008,0.2790286428599064
2018-08-31,0.6902045649024413,-0.04923256892052656,0.0,-1.4777521341715987
2018-09-30,0.0,0.060378558072344705,-0.07504214938069527,-0.4269474767565221
2018-10-31,-0.11262872550220093,2.998192661331435,-0.20622840605630222,-0.22731842498224714
2018-11-30,-0.7249578238363117,0.3362521440874454,0.0,-0.3504270907859329
2018-12-31,-0.16138122268572352,-0.3250859190437835,-0.09906766207774301,0.3541894867764075
2019-01-31,0.8743847664951196,0.9321004329834264,0.0,-0.19538062876079457
2019-02-28,0.6658228339016391,-0.4195159253774363,0.0,-0.29516875930805453
2019-03-31,-0.07163486280578082,0.0,0.6504108095667289,-0.18882686011597055
2019-04-30,0.0005253750933272418,-0.006051240124608043,-0.23810677061767513,-0.10244399271356208
2019-05-31,-0.10852190629307479,0.42345282677682605,-0.6003759935509929,-0.5842589930365927
2019-06-30,-0.34800841427363505,-0.01844719431729156,1.089700547395983,-0.026529581823360012
2019-07-31,0.2689355787023227,-0.07274286718908038,0.0,0.0269189756316549
2019-08-31,0.4775603655337442,-0.1006030762230043,-0.010560446196883795,-0.2943540042821297
2019-09-30,-0.14886217374592103,0.0,-0.214281091076198,1.0737704310971807
2019-10-31,0.0,-0.014018315117271751,0.21906135290395148,-0.04054463030834787
2019-11-30,0.0,0.34643913589725917,0.7051498202901586,-0.1950609905359707
2019-12-31,0.0,-0.1286630742722648,-0.27505106274228397,0.1251974178573454
